{"cameraMode":{"drawMode":0,"name":"Shaded","section":"Shading Mode"},"sceneLighting":false,"audioPlay":false,"sceneViewState":{"showFog":true,"showMaterialUpdate":false,"showSkybox":false,"showFlares":true,"showImageEffects":true,"showParticleSystems":true},"in2DMode":false,"pivot":{"x":634.3133544921875,"y":535.1716918945313,"z":1592.734619140625},"rotation":{"x":0.015589256770908833,"y":-0.03957759588956833,"z":-0.0006184460944496095,"w":-0.9990984797477722},"size":10.0,"orthographic":true}